timestamp,temp,depth
2015-05-17 11:46:18,26.018,1.205214
2015-05-17 17:21:02,26.3614,1.232606
2015-05-17 17:22:01,26.1321,3.170521
2015-05-17 17:23:01,26.108,3.149977
2015-05-17 17:24:00,26.0933,2.93085
2015-05-17 17:25:00,26.0617,7.902243
2015-05-17 17:26:01,25.6007,31.127867
2015-05-17 17:27:00,25.2065,35.242745
2015-05-17 17:28:00,21.4084,68.001352
2015-05-17 17:30:00,20.1099,125.09219
2015-05-17 17:31:00,18.4732,157.302729
2015-05-17 17:33:00,15.5141,219.622313
2015-05-17 17:35:00,13.4976,284.719911
2015-05-17 17:36:00,12.555,316.625124
2015-05-17 17:38:00,10.8156,381.473345
2015-05-17 17:39:00,10.2348,413.999154
2015-05-17 17:40:00,9.6126,448.228074
2015-05-17 17:41:01,8.4238,482.94321
2015-05-17 17:42:00,7.9266,518.683938
2015-05-17 17:43:00,7.5707,554.541419
2015-05-17 17:44:01,7.2427,590.276608
2015-05-17 17:46:00,6.9782,660.513491
2015-05-17 17:47:00,6.7013,695.500166
2015-05-17 17:49:00,6.063,765.401253
2015-05-17 17:50:00,5.8948,785.662985
2015-05-17 17:52:01,5.7138,847.13878
2015-05-17 17:53:00,5.4993,883.191857
2015-05-17 17:54:01,5.2246,919.252331
2015-05-17 17:55:00,5.0783,954.474984
2015-05-17 17:56:00,4.9645,990.454984
2015-05-17 17:57:01,4.8272,1026.013133
2015-05-17 17:58:00,4.7282,1060.086854
2015-05-17 18:00:01,4.5298,1129.041725
2015-05-17 18:02:00,4.4582,1190.069259
2015-05-17 18:03:01,4.4146,1204.605109
2015-05-17 18:04:01,4.388,1230.855596
2015-05-17 18:05:00,4.3664,1260.635301
2015-05-17 18:06:00,4.3498,1291.036872
2015-05-17 18:07:00,4.3526,1306.096508
2015-05-17 18:08:01,4.3513,1307.464275
2015-05-17 18:09:00,4.3439,1306.402725
2015-05-17 18:11:00,4.352,1313.336726
2015-05-17 18:12:01,4.3294,1312.064262
2015-05-17 18:13:00,4.3318,1312.268401
2015-05-17 18:14:01,4.3326,1312.10509
2015-05-17 18:16:00,4.3276,1312.037044
2015-05-17 18:17:01,4.3319,1312.132309
2015-05-17 18:18:00,4.3286,1312.030239
2015-05-17 18:19:00,4.3284,1312.139113
2015-05-17 18:20:00,4.3275,1311.934974
2015-05-17 18:21:00,4.3353,1311.975802
2015-05-17 18:22:01,4.3336,1312.00302
2015-05-17 18:23:00,4.3334,1312.098285
2015-05-17 18:24:00,4.3274,1311.832904
2015-05-17 18:25:00,4.3279,1311.832904
2015-05-17 18:26:00,4.3193,1311.676397
2015-05-17 18:27:00,4.3308,1311.608351
2015-05-17 18:28:01,4.3314,1311.683202
2015-05-17 18:29:01,4.3416,1310.58765
2015-05-17 18:30:00,4.3484,1310.635283
2015-05-17 18:31:01,4.3476,1309.607773
2015-05-17 18:32:00,4.348,1309.669015
2015-05-17 18:33:00,4.3513,1310.070493
2015-05-17 18:34:01,4.354,1309.669015
2015-05-17 18:35:00,4.3543,1309.7915
2015-05-17 18:37:00,4.363,1309.696234
2015-05-17 18:38:00,4.3598,1309.709844
2015-05-17 18:39:01,4.3531,1309.723453
2015-05-17 18:41:00,4.3516,1317.548731
2015-05-17 18:42:00,4.3105,1317.68482
2015-05-17 18:44:00,4.3102,1317.691624
2015-05-17 18:45:01,4.3111,1317.712038
2015-05-17 18:46:00,4.3127,1317.698429
2015-05-17 18:47:00,4.3146,1317.712038
2015-05-17 18:48:00,4.3087,1317.712038
2015-05-17 18:49:01,4.3123,1317.68482
2015-05-17 18:50:01,4.3142,1317.698429
2015-05-17 18:51:01,4.3095,1317.671211
2015-05-17 18:53:00,4.3097,1317.68482
2015-05-17 18:55:00,4.3106,1317.521513
2015-05-17 18:56:01,4.3285,1317.30377
2015-05-17 18:57:01,4.3113,1316.419187
2015-05-17 18:58:01,4.3112,1317.419446
2015-05-17 19:00:11,4.3161,1317.42625
2015-05-17 19:01:01,4.316,1317.453468
2015-05-17 19:03:00,4.3182,1317.399032
2015-05-17 19:04:01,4.3448,1317.439859
2015-05-17 19:06:01,4.3489,1317.371815
2015-05-17 19:07:00,4.3154,1316.895501
2015-05-17 19:08:01,4.3124,1317.405837
2015-05-17 19:09:01,4.3193,1317.419446
2015-05-17 19:10:01,4.3255,1317.283356
2015-05-17 19:11:03,4.3562,1317.412641
2015-05-17 19:12:01,4.334,1317.405837
2015-05-17 19:13:01,4.3309,1317.446664
2015-05-17 19:15:00,4.3086,1317.378619
2015-05-17 19:16:00,4.3102,1317.439859
2015-05-17 19:17:00,4.3096,1317.419446
2015-05-17 19:19:01,4.3115,1317.460273
2015-05-17 19:20:01,4.3091,1317.433055
2015-05-17 19:21:01,4.3114,1317.378619
2015-05-17 19:23:00,4.3128,1317.412641
2015-05-17 19:24:00,4.308,1317.42625
2015-05-17 19:25:00,4.3069,1317.392228
2015-05-17 19:26:00,4.3063,1317.36501
2015-05-17 19:27:00,4.3082,1317.453468
2015-05-17 19:28:00,4.3081,1317.378619
2015-05-17 19:30:00,4.3086,1317.446664
2015-05-17 19:32:00,4.3072,1317.351401
2015-05-17 19:33:00,4.309,1317.358206
2015-05-17 19:34:00,4.3082,1317.42625
2015-05-17 19:35:01,4.3097,1317.385423
2015-05-17 19:36:00,4.3125,1317.371815
2015-05-17 19:38:00,4.3065,1317.439859
2015-05-17 19:39:00,4.3086,1317.36501
2015-05-17 19:40:01,4.3085,1317.392228
2015-05-17 19:41:01,4.3087,1317.446664
2015-05-17 19:42:01,4.3115,1317.399032
2015-05-17 19:43:00,4.308,1317.371815
2015-05-17 19:44:01,4.3089,1317.433055
2015-05-17 19:46:00,4.3099,1317.405837
2015-05-17 19:47:00,4.309,1317.371815
2015-05-17 19:49:00,4.3098,1317.42625
2015-05-17 19:50:00,4.3084,1317.385423
2015-05-17 19:51:00,4.3079,1317.378619
2015-05-17 19:52:00,4.3086,1317.433055
2015-05-17 19:53:01,4.3084,1317.392228
2015-05-17 19:54:01,4.3082,1317.378619
2015-05-17 19:54:59,4.3075,1317.324183
2015-05-17 19:57:00,4.308,1317.324183
2015-05-17 19:58:01,4.3059,1317.337792
2015-05-17 20:00:04,4.3066,1317.36501
2015-05-17 20:01:00,4.3068,1317.36501
2015-05-17 20:02:01,4.3069,1317.371815
2015-05-17 20:03:01,4.3068,1317.42625
2015-05-17 20:04:02,4.307,1317.351401
2015-05-17 20:06:00,4.3071,1317.419446
2015-05-17 20:07:01,4.3062,1317.433055
2015-05-17 20:09:00,4.3074,1317.385423
2015-05-17 20:10:00,4.3064,1317.419446
2015-05-17 20:11:01,4.3081,1317.385423
2015-05-17 20:12:01,4.3063,1317.358206
2015-05-17 20:13:00,4.3088,1317.36501
2015-05-17 20:14:00,4.3065,1317.419446
2015-05-17 20:15:00,4.3154,1317.140462
2015-05-17 20:16:51,4.308,1317.439859
2015-05-17 20:21:01,4.3084,1317.460273
2015-05-17 20:22:01,4.3075,1317.392228
2015-05-17 20:23:01,4.3075,1316.895501
2015-05-17 20:24:01,4.3068,1316.30351
2015-05-17 20:26:00,4.3064,1317.330988
2015-05-17 20:27:01,4.3096,1317.378619
2015-05-17 20:28:01,4.3192,1317.405837
2015-05-17 20:29:01,4.3241,1317.392228
2015-05-17 20:30:01,4.3279,1317.181289
2015-05-17 20:31:01,4.321,1317.24253
2015-05-17 20:32:01,4.3272,1317.439859
2015-05-17 20:34:00,4.3058,1313.193829
2015-05-17 20:35:01,4.3217,1316.834261
2015-05-17 20:37:00,4.3355,1317.222116
2015-05-17 20:38:00,4.3272,1316.596104
2015-05-17 20:39:01,4.3083,1316.752607
2015-05-17 20:40:01,4.3237,1316.834261
2015-05-17 20:41:01,4.3221,1317.256139
2015-05-17 20:42:01,4.3069,1315.636668
2015-05-17 20:43:01,4.3338,1317.276552
2015-05-17 20:44:01,4.3088,1316.078962
2015-05-17 20:46:00,4.313,1312.826381
2015-05-17 20:47:01,4.3194,1312.819576
2015-05-17 20:48:00,4.3163,1312.874013
2015-05-17 20:49:00,4.3203,1312.799162
2015-05-17 20:50:01,4.348,1312.819576
2015-05-17 20:51:01,4.3491,1312.833185
2015-05-17 20:52:01,4.3376,1312.771944
2015-05-17 20:53:01,4.3298,1312.765139
2015-05-17 20:54:00,4.3193,1312.75153
2015-05-17 20:55:01,4.3356,1312.812771
2015-05-17 20:56:01,4.3416,1312.765139
2015-05-17 20:58:00,4.3446,1312.799162
2015-05-17 20:59:01,4.3273,1312.75153
2015-05-17 21:00:03,4.3333,1312.785553
2015-05-17 21:01:00,4.3228,1312.731116
2015-05-17 21:02:00,4.3314,1312.771944
2015-05-17 21:03:01,4.3224,1312.765139
2015-05-17 21:04:01,4.3289,1312.799162
2015-05-17 21:05:00,4.3354,1312.75153
2015-05-17 21:07:00,4.3331,1312.737921
2015-05-17 21:08:00,4.3333,1312.83999
2015-05-17 21:09:01,4.3388,1312.819576
2015-05-17 21:11:01,4.3283,1312.785553
2015-05-17 21:13:00,4.3382,1314.534332
2015-05-17 21:14:00,4.3341,1312.356862
2015-05-17 21:15:01,4.3165,1312.887622
2015-05-17 21:16:00,4.3146,1312.812771
2015-05-17 21:17:01,4.3233,1312.833185
2015-05-17 21:18:01,4.3098,1312.867208
2015-05-17 21:19:01,4.3106,1312.826381
2015-05-17 21:20:01,4.3196,1312.83999
2015-05-17 21:21:01,4.3157,1312.799162
2015-05-17 21:22:01,4.3185,1312.833185
2015-05-17 21:23:01,4.3284,1312.737921
2015-05-17 21:24:01,4.3927,1312.690288
2015-05-17 21:26:01,4.329,1314.377827
2015-05-17 21:27:00,4.3228,1313.710979
2015-05-17 21:29:00,4.3393,1313.969553
2015-05-17 21:31:00,4.3231,1313.751806
2015-05-17 21:32:00,4.3164,1313.833461
2015-05-17 21:33:01,4.3247,1313.833461
2015-05-17 21:34:01,4.3467,1313.799438
2015-05-17 21:35:01,4.329,1313.84707
2015-05-17 21:36:01,4.3242,1313.887898
2015-05-17 21:38:00,4.327,1313.928725
2015-05-17 21:40:00,4.3298,1313.921921
2015-05-17 21:41:00,4.3226,1313.989967
2015-05-17 21:42:00,4.3104,1313.731392
2015-05-17 21:43:00,4.3225,1313.751806
2015-05-17 21:44:00,4.3184,1313.813047
2015-05-17 21:45:01,4.3207,1313.731392
2015-05-17 21:46:01,4.3189,1313.758611
2015-05-17 21:48:00,4.3212,1313.887898
2015-05-17 21:49:00,4.3247,1313.969553
2015-05-17 21:51:00,4.313,1313.962748
2015-05-17 21:52:01,4.3111,1313.84707
2015-05-17 21:53:00,4.3127,1313.826657
2015-05-17 21:54:01,4.3086,1313.894702
2015-05-17 21:55:01,4.315,1313.826657
2015-05-17 21:57:00,4.3193,1313.758611
2015-05-17 21:58:00,4.3132,1313.840266
2015-05-17 22:00:03,4.3172,1313.833461
2015-05-17 22:01:01,4.3172,1313.779025
2015-05-17 22:02:01,4.3255,1313.833461
2015-05-17 22:03:01,4.313,1313.751806
2015-05-17 22:04:00,4.3202,1313.792634
2015-05-17 22:06:00,4.3113,1313.93553
2015-05-17 22:07:00,4.3148,1313.874289
2015-05-17 22:08:01,4.3169,1313.881093
2015-05-17 22:10:00,4.3128,1314.037599
2015-05-17 22:12:00,4.324,1313.738197
2015-05-17 22:13:01,4.3132,1313.833461
2015-05-17 22:14:00,4.3228,1313.908312
2015-05-17 22:15:01,4.3179,1313.704174
2015-05-17 22:16:01,4.3227,1313.792634
2015-05-17 22:17:00,4.3176,1313.765415
2015-05-17 22:19:00,4.3291,1313.738197
2015-05-17 22:20:01,4.3179,1313.792634
2015-05-17 22:21:01,4.3187,1313.826657
2015-05-17 22:22:01,4.3144,1313.670151
2015-05-17 22:23:00,4.3089,1313.738197
2015-05-17 22:24:00,4.3178,1313.799438
2015-05-17 22:25:01,4.3129,1313.704174
2015-05-17 22:26:01,4.3198,1313.738197
2015-05-17 22:27:00,4.319,1313.799438
2015-05-17 22:28:00,4.3241,1313.833461
2015-05-17 22:29:00,4.3184,1313.908312
2015-05-17 22:30:01,4.3182,1313.779025
2015-05-17 22:31:00,4.3376,1313.792634
2015-05-17 22:32:01,4.3138,1313.731392
2015-05-17 22:33:00,4.3096,1313.738197
2015-05-17 22:34:01,4.3155,1313.765415
2015-05-17 22:36:00,4.3238,1313.738197
2015-05-17 22:37:00,4.3135,1313.710979
2015-05-17 22:38:00,4.3205,1313.813047
2015-05-17 22:40:00,4.3231,1313.799438
2015-05-17 22:41:00,4.3137,1313.738197
2015-05-17 22:43:00,4.3179,1313.799438
2015-05-17 22:44:01,4.3156,1313.792634
2015-05-17 22:45:01,4.3138,1313.955944
2015-05-17 22:46:01,4.323,1313.901507
2015-05-17 22:47:01,4.3152,1313.724588
2015-05-17 22:48:00,4.3188,1313.731392
2015-05-17 22:49:01,4.3224,1313.840266
2015-05-17 22:50:00,4.3262,1313.928725
2015-05-17 22:51:01,4.321,1313.928725
2015-05-17 22:52:01,4.3132,1313.819852
2015-05-17 22:53:00,4.3361,1313.826657
2015-05-17 22:54:01,4.3179,1313.77222
2015-05-17 22:56:00,4.3157,1313.792634
2015-05-17 22:57:00,4.3195,1313.77222
2015-05-17 22:58:00,4.3148,1313.928725
2015-05-17 23:00:02,4.3162,1313.901507
2015-05-17 23:01:01,4.3136,1313.765415
2015-05-17 23:03:01,4.3182,1313.853875
2015-05-17 23:05:00,4.3185,1313.77222
2015-05-17 23:06:01,4.3221,1313.745002
2015-05-17 23:08:00,4.3282,1313.840266
2015-05-17 23:09:01,4.3206,1313.894702
2015-05-17 23:10:01,4.3207,1313.745002
2015-05-17 23:11:01,4.3155,1313.826657
2015-05-17 23:12:01,4.3425,1313.901507
2015-05-17 23:13:00,4.318,1313.921921
2015-05-17 23:14:01,4.3198,1313.826657
2015-05-17 23:15:00,4.3217,1313.942335
2015-05-17 23:16:01,4.3242,1313.819852
2015-05-17 23:17:01,4.3325,1313.738197
2015-05-17 23:18:01,4.3376,1313.867484
2015-05-17 23:19:01,4.3263,1313.962748
2015-05-17 23:21:00,4.3222,1313.724588
2015-05-17 23:22:00,4.3166,1313.853875
2015-05-17 23:23:00,4.3375,1313.915116
2015-05-17 23:24:01,4.3208,1313.779025
2015-05-17 23:25:01,4.3293,1313.826657
2015-05-17 23:26:01,4.3164,1313.976357
2015-05-17 23:27:01,4.3188,1313.894702
2015-05-17 23:28:01,4.3161,1313.779025
2015-05-17 23:29:01,4.3167,1313.976357
2015-05-17 23:30:00,4.3153,1313.942335
2015-05-17 23:31:01,4.3195,1313.792634
2015-05-17 23:32:01,4.3483,1313.928725
2015-05-17 23:34:00,4.3245,1313.881093
2015-05-17 23:35:01,4.3097,1313.819852
2015-05-17 23:37:00,4.3167,1313.928725
2015-05-17 23:38:00,4.3116,1313.874289
2015-05-17 23:39:00,4.3109,1313.806243
2015-05-17 23:40:00,4.3096,1313.622519
2015-05-17 23:41:01,4.3111,1313.942335
2015-05-17 23:42:01,4.3237,1314.01038
2015-05-17 23:43:01,4.3167,1313.819852
2015-05-17 23:44:01,4.3293,1313.758611
2015-05-17 23:45:01,4.3216,1313.921921
2015-05-17 23:46:00,4.3124,1313.962748
2015-05-17 23:48:00,4.3172,1313.813047
2015-05-17 23:49:01,4.3118,1313.77222
2015-05-17 23:50:01,4.327,1313.921921
2015-05-17 23:51:00,4.3153,1313.969553
2015-05-17 23:52:01,4.3151,1313.867484
2015-05-17 23:53:01,4.3098,1313.745002
2015-05-17 23:54:01,4.3161,1313.799438
2015-05-17 23:56:00,4.3153,1313.792634
2015-05-17 23:57:00,4.3106,1313.799438
2015-05-17 23:59:01,4.3225,1313.976357
2015-05-18 00:00:03,4.3116,1313.962748
2015-05-18 00:02:01,4.3147,1313.813047
2015-05-18 00:03:00,4.3092,1313.751806
2015-05-18 00:04:01,4.3133,1313.826657
2015-05-18 00:05:01,4.3193,1314.09884
2015-05-18 00:06:01,4.3141,1316.24227
2015-05-18 00:07:00,4.3229,1316.235465
2015-05-18 00:08:01,4.3176,1316.133398
2015-05-18 00:09:00,4.332,1310.444752
2015-05-18 00:10:00,4.3424,1308.056291
2015-05-18 00:12:00,4.3641,1308.24002
2015-05-18 00:13:01,4.4084,1308.09712
2015-05-18 00:14:01,4.3853,1308.042681
2015-05-18 00:15:02,4.3699,1308.0699
2015-05-18 00:16:02,4.3947,1308.124339
2015-05-18 00:17:00,4.3861,1308.0699
2015-05-18 00:18:00,4.3906,1308.199191
2015-05-18 00:19:00,4.4002,1308.049486
2015-05-18 00:20:00,4.4226,1308.151558
2015-05-18 00:21:00,4.4037,1308.0699
2015-05-18 00:23:00,4.4064,1308.110729
2015-05-18 00:24:00,4.4364,1308.22641
2015-05-18 00:26:00,4.3569,1308.076705
2015-05-18 00:27:01,4.3797,1308.110729
2015-05-18 00:28:01,4.3855,1308.076705
2015-05-18 00:29:01,4.3771,1308.022267
2015-05-18 00:30:00,4.373,1308.022267
2015-05-18 00:31:01,4.3822,1308.08351
2015-05-18 00:32:01,4.3914,1308.08351
2015-05-18 00:33:01,4.3805,1308.076705
2015-05-18 00:34:00,4.3979,1308.185582
2015-05-18 00:35:00,4.3589,1307.260131
2015-05-18 00:37:00,4.3767,1307.334984
2015-05-18 00:39:00,4.3361,1307.974634
2015-05-18 00:40:00,4.3573,1307.334984
2015-05-18 00:41:00,4.3232,1314.697641
2015-05-18 00:42:01,4.3335,1314.894973
2015-05-18 00:43:01,4.3388,1315.412119
2015-05-18 00:44:00,4.347,1314.881364
2015-05-18 00:45:01,4.3271,1314.997042
2015-05-18 00:46:01,4.3167,1314.595573
2015-05-18 00:47:01,4.3226,1315.276028
2015-05-18 00:48:01,4.319,1314.928996
2015-05-18 00:49:01,4.3196,1315.262419
2015-05-18 00:50:00,4.3195,1314.56155
2015-05-18 00:51:00,4.3387,1314.500309
2015-05-18 00:52:01,4.3171,1312.043848
2015-05-18 00:53:01,4.3219,1315.337269
2015-05-18 00:55:00,4.3533,1277.391759
2015-05-18 00:56:00,4.3633,1258.906492
2015-05-18 00:57:00,4.3674,1239.391742
2015-05-18 00:58:01,4.3754,1218.976568
2015-05-18 01:00:04,4.3813,1181.183851
2015-05-18 01:01:01,4.4274,1163.691094
2015-05-18 01:02:01,4.4645,1145.522682
2015-05-18 01:03:00,4.507,1126.337907
2015-05-18 01:04:01,4.5667,1107.437448
2015-05-18 01:05:00,4.6569,1087.990328
2015-05-18 01:06:00,4.7056,1068.19396
2015-05-18 01:07:01,4.763,1048.531982
2015-05-18 01:09:00,4.8022,1009.33195
2015-05-18 01:10:00,4.86,989.364565
2015-05-18 01:11:01,4.9942,969.627007
2015-05-18 01:12:01,5.0857,949.042344
2015-05-18 01:13:01,5.1525,929.001019
2015-05-18 01:14:00,5.2178,909.244112
2015-05-18 01:15:00,5.3069,888.85804
2015-05-18 01:16:01,5.3648,868.845021
2015-05-18 01:17:01,5.4446,849.327919
2015-05-18 01:18:01,5.5105,828.526757
2015-05-18 01:19:00,5.5652,808.105495
2015-05-18 01:20:00,5.711,787.436646
2015-05-18 01:21:00,5.8609,766.861255
2015-05-18 01:22:00,6.0027,746.215597
2015-05-18 01:23:01,6.092,725.513297
2015-05-18 01:24:01,6.2152,704.720214
2015-05-18 01:25:01,6.32,683.809021
2015-05-18 01:26:01,6.465,662.445215
2015-05-18 01:27:01,6.6644,641.70725
2015-05-18 01:28:00,6.8048,620.974037
2015-05-18 01:29:00,6.8842,599.876871
2015-05-18 01:30:01,7.0438,584.807127
2015-05-18 01:31:03,7.1122,580.791985
2015-05-18 01:33:00,7.2083,578.845843
2015-05-18 01:35:00,7.1885,579.139472
2015-05-18 01:36:01,7.2088,581.625065
2015-05-18 01:37:00,7.1429,580.170587
2015-05-18 01:38:00,7.1516,582.69031
2015-05-18 01:39:00,7.1403,581.099269
2015-05-18 01:40:01,7.164,580.662243
2015-05-18 01:42:00,7.1483,578.681956
2015-05-18 01:43:00,7.1812,577.664491
2015-05-18 01:44:00,7.1847,579.317016
2015-05-18 01:46:01,7.1875,580.689557
2015-05-18 01:48:00,7.1669,581.495324
2015-05-18 01:49:00,7.118,613.996507
2015-05-18 01:50:00,6.8774,643.052072
2015-05-18 01:51:01,6.4608,671.523395
2015-05-18 01:52:01,6.2904,700.352515
2015-05-18 01:53:01,6.1145,728.311025
2015-05-18 01:54:01,6.0123,749.299613
2015-05-18 01:55:00,5.9241,771.445869
2015-05-18 01:56:00,5.735,795.561181
2015-05-18 01:57:01,5.5641,821.938152
2015-05-18 01:58:01,5.4965,848.277681
2015-05-18 02:00:07,5.3784,904.553447
2015-05-18 02:01:01,5.1884,928.107976
2015-05-18 02:02:01,5.0918,954.277312
2015-05-18 02:03:00,4.9907,979.652775
2015-05-18 02:04:01,4.8852,1005.665727
2015-05-18 02:06:00,4.8067,1056.019557
2015-05-18 02:07:00,4.7595,1081.130615
2015-05-18 02:08:00,4.6787,1106.45662
2015-05-18 02:09:01,4.528,1131.541193
2015-05-18 02:10:01,4.4449,1156.268657
2015-05-18 02:12:00,4.4087,1203.488574
2015-05-18 02:13:00,4.3876,1226.274251
2015-05-18 02:14:01,4.3624,1249.077874
2015-05-18 02:15:02,4.3583,1272.253345
2015-05-18 02:17:00,4.3532,1307.035573
2015-05-18 02:18:00,4.3574,1318.045456
2015-05-18 02:19:01,4.3451,1317.861736
2015-05-18 02:21:00,4.3297,1313.466013
2015-05-18 02:22:00,4.3452,1312.071067
2015-05-18 02:23:01,4.3412,1311.941779
2015-05-18 02:24:01,4.3376,1312.826381
2015-05-18 02:25:01,4.3371,1312.744725
2015-05-18 02:26:01,4.3394,1312.805967
2015-05-18 02:27:01,4.3481,1312.901231
2015-05-18 02:28:01,4.3488,1312.785553
2015-05-18 02:29:00,4.3472,1312.914841
2015-05-18 02:30:01,4.3268,1312.799162
2015-05-18 02:31:02,4.318,1312.778748
2015-05-18 02:32:00,4.3458,1312.826381
2015-05-18 02:33:00,4.33,1312.92845
2015-05-18 02:34:00,4.3291,1312.656265
2015-05-18 02:35:00,4.3299,1312.853599
2015-05-18 02:36:01,4.3444,1312.697093
2015-05-18 02:37:01,4.3447,1312.765139
2015-05-18 02:38:01,4.352,1312.92845
2015-05-18 02:40:00,4.343,1312.744725
2015-05-18 02:42:00,4.3619,1312.744725
2015-05-18 02:43:00,4.3308,1312.846794
2015-05-18 02:44:00,4.3385,1312.792357
2015-05-18 02:45:01,4.3298,1312.717507
2015-05-18 02:46:01,4.3317,1312.901231
2015-05-18 02:47:01,4.3319,1312.887622
2015-05-18 02:49:01,4.3271,1312.894427
2015-05-18 02:50:00,4.3438,1312.785553
2015-05-18 02:51:00,4.3301,1312.880817
2015-05-18 02:52:00,4.3224,1312.785553
2015-05-18 02:54:00,4.343,1312.83999
2015-05-18 02:55:00,4.3413,1312.669874
2015-05-18 02:56:01,4.3298,1312.83999
2015-05-18 02:57:01,4.3393,1312.812771
2015-05-18 02:58:00,4.3423,1312.826381
2015-05-18 03:00:06,4.3381,1312.75153
2015-05-18 03:01:02,4.3309,1312.880817
2015-05-18 03:02:00,4.3339,1312.792357
2015-05-18 03:03:00,4.331,1312.792357
2015-05-18 03:05:00,4.3584,1312.642656
2015-05-18 03:06:00,4.3237,1312.75153
2015-05-18 03:08:00,4.3175,1312.805967
2015-05-18 03:09:01,4.3248,1312.853599
2015-05-18 03:10:01,4.3269,1312.942059
2015-05-18 03:11:01,4.3235,1312.744725
2015-05-18 03:12:01,4.3283,1312.697093
2015-05-18 03:13:01,4.3306,1312.771944
2015-05-18 03:14:01,4.3345,1312.867208
2015-05-18 03:15:01,4.327,1312.717507
2015-05-18 03:16:00,4.3526,1312.758334
2015-05-18 03:17:00,4.3397,1312.799162
2015-05-18 03:18:00,4.3308,1312.75153
2015-05-18 03:19:00,4.3416,1312.846794
2015-05-18 03:20:01,4.3382,1312.669874
2015-05-18 03:21:01,4.388,1312.846794
2015-05-18 03:23:00,4.3298,1312.901231
2015-05-18 03:25:01,4.3456,1312.758334
2015-05-18 03:26:01,4.3392,1312.867208
2015-05-18 03:27:01,4.3445,1312.697093
2015-05-18 03:28:01,4.3407,1312.799162
2015-05-18 03:29:01,4.3313,1312.908036
2015-05-18 03:30:00,4.3428,1312.697093
2015-05-18 03:31:01,4.3367,1312.853599
2015-05-18 03:33:00,4.3261,1312.880817
2015-05-18 03:34:00,4.3371,1312.66307
2015-05-18 03:36:00,4.3417,1312.962473
2015-05-18 03:37:01,4.3416,1312.710702
2015-05-18 03:39:01,4.3375,1312.812771
2015-05-18 03:40:00,4.3299,1312.765139
2015-05-18 03:42:00,4.3314,1312.819576
2015-05-18 03:44:00,4.3378,1312.785553
2015-05-18 03:46:00,4.3406,1312.860404
2015-05-18 03:47:00,4.3428,1312.785553
2015-05-18 03:48:01,4.374,1312.778748
2015-05-18 03:49:01,4.3423,1312.778748
2015-05-18 03:50:01,4.3577,1312.771944
2015-05-18 03:51:00,4.3477,1312.819576
2015-05-18 03:52:00,4.3477,1312.799162
2015-05-18 03:54:00,4.3348,1312.812771
2015-05-18 03:55:01,4.3531,1312.914841
2015-05-18 03:56:01,4.352,1312.690288
2015-05-18 03:57:01,4.3547,1312.771944
2015-05-18 03:58:01,4.3795,1312.83999
2015-05-18 04:00:01,4.3587,1312.867208
2015-05-18 04:01:01,4.3892,1312.744725
2015-05-18 04:02:01,4.3534,1312.880817
2015-05-18 04:03:00,4.3579,1312.771944
2015-05-18 04:04:01,4.365,1312.717507
2015-05-18 04:06:00,4.3573,1312.778748
2015-05-18 04:07:01,4.3644,1312.785553
2015-05-18 04:08:01,4.3614,1312.846794
2015-05-18 04:09:01,4.3322,1312.778748
2015-05-18 04:10:00,4.3361,1312.771944
2015-05-18 04:11:00,4.3407,1312.860404
2015-05-18 04:12:01,4.3422,1312.554196
2015-05-18 04:13:01,4.3472,1312.608633
2015-05-18 04:14:00,4.3365,1312.554196
2015-05-18 04:15:01,4.3405,1312.554196
2015-05-18 04:16:01,4.333,1312.64946
2015-05-18 04:17:01,4.3412,1312.513368
2015-05-18 04:18:01,4.3417,1314.990237
2015-05-18 04:19:01,4.354,1314.976628
2015-05-18 04:20:00,4.3489,1314.976628
2015-05-18 04:21:00,4.3564,1314.997042
2015-05-18 04:22:00,4.3508,1314.928996
2015-05-18 04:23:01,4.3496,1314.935801
2015-05-18 04:24:00,4.3477,1314.990237
2015-05-18 04:25:00,4.3614,1314.990237
2015-05-18 04:26:01,4.3569,1314.94941
2015-05-18 04:27:01,4.3512,1314.983433
2015-05-18 04:28:01,4.3396,1315.010651
2015-05-18 04:30:00,4.35,1314.983433
2015-05-18 04:31:00,4.3522,1315.017455
2015-05-18 04:32:01,4.3375,1315.031064
2015-05-18 04:34:00,4.3531,1314.976628
2015-05-18 04:35:00,4.3438,1315.010651
2015-05-18 04:36:01,4.3398,1314.997042
2015-05-18 04:38:00,4.3613,1315.017455
2015-05-18 04:39:00,4.3273,1315.02426
2015-05-18 04:40:00,4.3363,1314.983433
2015-05-18 04:41:01,4.3368,1314.969823
2015-05-18 04:42:01,4.3297,1315.037869
2015-05-18 04:43:01,4.3376,1315.031064
2015-05-18 04:45:00,4.34,1314.983433
2015-05-18 04:46:01,4.3474,1315.071892
2015-05-18 04:47:00,4.3561,1314.983433
2015-05-18 04:49:00,4.3898,1315.058283
2015-05-18 04:50:00,4.3304,1315.051478
2015-05-18 04:52:00,4.3382,1315.017455
2015-05-18 04:53:00,4.3406,1315.058283
2015-05-18 04:54:00,4.3342,1315.078696
2015-05-18 04:55:01,4.3369,1315.017455
2015-05-18 04:56:01,4.361,1315.031064
2015-05-18 04:58:00,4.3612,1315.031064
2015-05-18 04:59:00,4.3498,1315.031064
2015-05-18 05:00:02,4.3629,1315.09911
2015-05-18 05:01:02,4.3593,1315.037869
2015-05-18 05:02:01,4.3541,1315.037869
2015-05-18 05:03:02,4.338,1315.044673
2015-05-18 05:04:01,4.3419,1315.09911
2015-05-18 05:06:00,4.34,1315.051478
2015-05-18 05:07:00,4.3427,1315.051478
2015-05-18 05:09:00,4.3908,1315.051478
2015-05-18 05:11:00,4.3477,1315.105914
2015-05-18 05:13:00,4.3985,1315.071892
2015-05-18 05:14:00,4.3476,1315.051478
2015-05-18 05:15:01,4.3466,1315.133133
2015-05-18 05:16:03,4.347,1315.044673
2015-05-18 05:17:01,4.336,1315.078696
2015-05-18 05:18:01,4.3359,1315.119523
2015-05-18 05:19:00,4.3357,1315.119523
2015-05-18 05:20:00,4.4334,1315.085501
2015-05-18 05:21:01,4.4157,1315.078696
2015-05-18 05:22:01,4.3506,1315.139937
2015-05-18 05:23:00,4.3571,1314.432264
2015-05-18 05:25:00,4.3914,1314.078426
2015-05-18 05:26:01,4.3755,1314.275759
2015-05-18 05:28:00,4.3741,1314.119253
2015-05-18 05:30:00,4.391,1314.200908
2015-05-18 05:32:01,4.3637,1314.132863
2015-05-18 05:33:00,4.3625,1314.364218
2015-05-18 05:34:00,4.3723,1314.255345
2015-05-18 05:35:00,4.3882,1314.166886
2015-05-18 05:36:00,4.3744,1314.194104
2015-05-18 05:37:00,4.378,1314.302977
2015-05-18 05:38:01,4.3601,1314.003576
2015-05-18 05:39:01,4.3531,1314.017185
2015-05-18 05:40:00,4.3632,1314.153276
2015-05-18 05:41:01,4.4079,1314.139667
2015-05-18 05:42:00,4.3846,1314.139667
2015-05-18 05:43:00,4.3711,1314.003576
2015-05-18 05:44:00,4.3746,1314.194104
2015-05-18 05:45:01,4.3691,1314.044403
2015-05-18 05:46:05,4.364,1314.656814
2015-05-18 05:49:00,4.3646,1315.02426
2015-05-18 05:50:00,4.3546,1315.044673
2015-05-18 05:52:00,4.3532,1315.105914
2015-05-18 05:53:01,4.3398,1315.105914
2015-05-18 05:54:01,4.3253,1315.085501
2015-05-18 05:56:00,4.3202,1315.119523
2015-05-18 05:57:00,4.3185,1315.078696
2015-05-18 05:58:00,4.3203,1315.085501
2015-05-18 06:00:02,4.3172,1315.105914
2015-05-18 06:01:04,4.3279,1315.09911
2015-05-18 06:02:01,4.3339,1315.133133
2015-05-18 06:04:00,4.3321,1315.092305
2015-05-18 06:06:00,4.3204,1315.160351
2015-05-18 06:07:01,4.3252,1315.153546
2015-05-18 06:08:01,4.3296,1315.092305
2015-05-18 06:09:02,4.3275,1315.133133
2015-05-18 06:10:00,4.3317,1315.167155
2015-05-18 06:11:01,4.3359,1315.092305
2015-05-18 06:12:00,4.3194,1315.112719
2015-05-18 06:14:00,4.3364,1315.167155
2015-05-18 06:15:01,4.3414,1315.126328
2015-05-18 06:16:01,4.3289,1315.112719
2015-05-18 06:17:01,4.3288,1315.180764
2015-05-18 06:18:01,4.3182,1315.17396
2015-05-18 06:19:00,4.318,1315.092305
2015-05-18 06:20:00,4.3254,1315.139937
2015-05-18 06:21:01,4.3235,1315.180764
2015-05-18 06:22:00,4.3289,1315.139937
2015-05-18 06:23:01,4.3289,1315.119523
2015-05-18 06:24:01,4.3211,1315.187569
2015-05-18 06:25:01,4.3242,1315.187569
2015-05-18 06:27:00,4.3241,1315.126328
2015-05-18 06:28:00,4.3283,1315.201178
2015-05-18 06:29:01,4.3522,1315.167155
2015-05-18 06:30:00,4.3384,1315.126328
2015-05-18 06:31:01,4.3383,1315.146742
2015-05-18 06:32:01,4.3291,1315.194373
2015-05-18 06:34:00,4.3297,1315.133133
2015-05-18 06:35:00,4.3362,1315.187569
2015-05-18 06:36:01,4.3128,1315.207982
2015-05-18 06:37:01,4.3116,1315.139937
2015-05-18 06:38:00,4.3222,1315.146742
2015-05-18 06:39:02,4.3152,1315.207982
2015-05-18 06:40:00,4.3126,1315.187569
2015-05-18 06:41:01,4.3152,1315.146742
2015-05-18 06:42:00,4.3277,1315.126328
2015-05-18 06:43:00,4.3177,1315.207982
2015-05-18 06:44:01,4.3225,1315.139937
2015-05-18 06:45:02,4.3215,1315.160351
2015-05-18 06:46:01,4.3399,1315.221592
2015-05-18 06:47:01,4.3289,1315.180764
2015-05-18 06:48:01,4.3263,1315.167155
2015-05-18 06:50:00,4.3215,1315.194373
2015-05-18 06:51:01,4.3258,1315.126328
2015-05-18 06:53:00,4.3346,1315.201178
2015-05-18 06:54:00,4.3268,1315.214787
2015-05-18 06:55:01,4.3296,1315.078696
2015-05-18 06:56:01,4.3475,1315.153546
2015-05-18 06:57:01,4.3358,1315.214787
2015-05-18 06:58:02,4.3302,1315.180764
2015-05-18 07:00:02,4.3298,1315.214787
2015-05-18 07:01:01,4.333,1315.194373
2015-05-18 07:02:01,4.3374,1315.187569
2015-05-18 07:03:02,4.3402,1315.17396
2015-05-18 07:05:00,4.3403,1315.242005
2015-05-18 07:06:00,4.3401,1315.194373
2015-05-18 07:08:01,4.3413,1315.194373
2015-05-18 07:09:00,4.3405,1315.228396
2015-05-18 07:11:00,4.3356,1315.17396
2015-05-18 07:12:01,4.3426,1315.24881
2015-05-18 07:13:00,4.3318,1315.194373
2015-05-18 07:14:00,4.341,1315.24881
2015-05-18 07:15:01,4.3381,1315.235201
2015-05-18 07:16:01,4.3259,1315.201178
2015-05-18 07:17:01,4.3249,1315.24881
2015-05-18 07:18:01,4.3173,1315.201178
2015-05-18 07:19:00,4.3104,1315.269223
2015-05-18 07:20:01,4.3165,1315.207982
2015-05-18 07:21:00,4.3135,1315.228396
2015-05-18 07:22:01,4.3229,1315.269223
2015-05-18 07:23:01,4.3587,1315.207982
2015-05-18 07:24:01,4.3252,1315.269223
2015-05-18 07:25:00,4.3209,1315.221592
2015-05-18 07:26:00,4.346,1315.24881
2015-05-18 07:27:01,4.3325,1315.262419
2015-05-18 07:28:01,4.3382,1315.221592
2015-05-18 07:29:01,4.3383,1315.282832
2015-05-18 07:30:01,4.3203,1315.228396
2015-05-18 07:32:00,4.3444,1315.269223
2015-05-18 07:33:01,4.3133,1315.228396
2015-05-18 07:34:01,4.322,1315.282832
2015-05-18 07:35:01,4.3141,1315.228396
2015-05-18 07:36:00,4.3163,1315.276028
2015-05-18 07:37:01,4.3318,1315.255614
2015-05-18 07:39:00,4.3289,1315.289637
2015-05-18 07:40:00,4.3548,1315.242005
2015-05-18 07:42:00,4.3208,1315.235201
2015-05-18 07:43:00,4.3189,1315.282832
2015-05-18 07:44:01,4.3191,1315.289637
2015-05-18 07:45:00,4.3265,1315.242005
2015-05-18 07:46:01,4.3349,1315.303246
2015-05-18 07:47:00,4.3352,1315.221592
2015-05-18 07:49:00,4.3329,1315.289637
2015-05-18 07:50:00,4.3293,1315.269223
2015-05-18 07:51:01,4.338,1315.316855
2015-05-18 07:52:01,4.337,1315.24881
2015-05-18 07:53:00,4.342,1315.303246
2015-05-18 07:54:01,4.3352,1315.296441
2015-05-18 07:55:00,4.3397,1315.282832
2015-05-18 07:56:01,4.3371,1315.32366
2015-05-18 07:57:01,4.3337,1315.282832
2015-05-18 07:58:01,4.352,1315.337269
2015-05-18 08:00:01,4.3423,1315.296441
2015-05-18 08:01:06,4.3222,1315.296441
2015-05-18 08:02:00,4.323,1315.282832
2015-05-18 08:03:02,4.3203,1315.357682
2015-05-18 08:04:01,4.3244,1315.303246
2015-05-18 08:05:01,4.3197,1315.344073
2015-05-18 08:06:00,4.3188,1315.337269
2015-05-18 08:07:00,4.3204,1315.310051
2015-05-18 08:08:00,4.319,1315.357682
2015-05-18 08:09:01,4.3179,1315.296441
2015-05-18 08:11:00,4.3152,1315.310051
2015-05-18 08:12:01,4.3223,1315.330464
2015-05-18 08:13:01,4.3244,1315.364487
2015-05-18 08:14:01,4.3184,1315.32366
2015-05-18 08:15:02,4.3336,1315.146742
2015-05-18 08:16:05,4.3221,1315.201178
2015-05-18 08:17:00,4.3106,1315.582232
2015-05-18 08:18:01,4.3151,1314.622791
2015-05-18 08:19:02,4.319,1315.418923
2015-05-18 08:21:00,4.3165,1315.17396
2015-05-18 08:22:00,4.3192,1315.194373
2015-05-18 08:24:00,4.3177,1315.391705
2015-05-18 08:25:01,4.3177,1315.473359
2015-05-18 08:26:01,4.3198,1315.337269
2015-05-18 08:27:01,4.328,1315.276028
2015-05-18 08:28:01,4.3274,1315.207982
2015-05-18 08:30:00,4.3167,1315.507382
2015-05-18 08:31:59,4.3179,1315.337269
2015-05-18 08:33:01,4.3257,1315.146742
2015-05-18 08:34:01,4.3115,1315.221592
2015-05-18 08:35:01,4.3125,1315.350878
2015-05-18 08:37:00,4.3164,1315.480164
2015-05-18 08:38:00,4.3194,1315.45975
2015-05-18 08:39:01,4.3163,1316.745802
2015-05-18 08:41:00,4.3266,1316.643735
2015-05-18 08:42:01,4.3129,1316.915915
2015-05-18 08:43:01,4.3149,1316.936328
2015-05-18 08:44:01,4.3136,1316.915915
2015-05-18 08:45:00,4.3186,1316.949937
2015-05-18 08:46:05,4.3103,1316.915915
2015-05-18 08:47:00,4.3422,1316.929524
2015-05-18 08:49:00,4.3244,1316.929524
2015-05-18 08:50:00,4.3166,1316.77302
2015-05-18 08:52:00,4.329,1316.738998
2015-05-18 08:53:01,4.318,1316.732194
2015-05-18 08:54:01,4.3338,1315.752345
2015-05-18 08:55:00,4.3536,1316.868283
2015-05-18 08:56:00,4.344,1316.90911
2015-05-18 08:57:01,4.3357,1316.922719
2015-05-18 08:58:01,4.3313,1316.71178
2015-05-18 09:00:03,4.331,1316.820652
2015-05-18 09:01:01,4.3187,1316.875088
2015-05-18 09:02:00,4.3261,1316.888697
2015-05-18 09:03:00,4.3603,1316.888697
2015-05-18 09:04:00,4.3139,1316.949937
2015-05-18 09:05:01,4.3134,1316.949937
2015-05-18 09:06:01,4.316,1316.949937
2015-05-18 09:07:01,4.3237,1316.956742
2015-05-18 09:08:01,4.3304,1316.922719
2015-05-18 09:09:00,4.3297,1316.875088
2015-05-18 09:10:00,4.3188,1316.929524
2015-05-18 09:11:01,4.317,1316.929524
2015-05-18 09:12:00,4.3121,1316.949937
2015-05-18 09:13:01,4.3119,1316.943133
2015-05-18 09:14:01,4.312,1316.990764
2015-05-18 09:15:01,4.313,1316.943133
2015-05-18 09:16:01,4.3151,1316.943133
2015-05-18 09:18:00,4.312,1317.004373
2015-05-18 09:19:01,4.3123,1316.929524
2015-05-18 09:20:01,4.3115,1316.936328
2015-05-18 09:21:01,4.3139,1316.963546
2015-05-18 09:22:01,4.312,1317.011177
2015-05-18 09:23:00,4.3135,1316.956742
2015-05-18 09:25:00,4.3178,1317.004373
2015-05-18 09:26:00,4.3131,1317.017982
2015-05-18 09:27:00,4.3133,1316.997568
2015-05-18 09:29:00,4.3141,1317.011177
2015-05-18 09:31:00,4.3142,1316.997568
2015-05-18 09:32:02,4.3139,1316.977155
2015-05-18 09:33:01,4.3197,1313.010105
2015-05-18 09:34:00,4.3359,1307.287351
2015-05-18 09:35:01,4.3507,1307.042378
2015-05-18 09:36:01,4.3482,1307.090011
2015-05-18 09:37:01,4.3588,1307.076402
2015-05-18 09:38:01,4.3596,1307.062792
2015-05-18 09:39:00,4.3546,1307.042378
2015-05-18 09:41:00,4.3487,1307.049183
2015-05-18 09:42:01,4.3522,1306.987939
2015-05-18 09:43:01,4.3491,1307.035573
2015-05-18 09:45:00,4.3446,1307.055987
2015-05-18 09:46:00,4.3544,1306.97433
2015-05-18 09:47:02,4.3674,1306.96072
2015-05-18 09:49:00,4.3707,1307.015159
2015-05-18 09:50:01,4.3597,1307.103621
2015-05-18 09:51:00,4.3585,1307.083207
2015-05-18 09:52:01,4.3638,1307.042378
2015-05-18 09:53:00,4.3468,1307.055987
2015-05-18 09:54:01,4.343,1307.171669
2015-05-18 09:55:01,4.3338,1311.839709
2015-05-18 09:56:01,4.3377,1314.275759
2015-05-18 09:57:01,4.3278,1314.105644
2015-05-18 09:58:00,4.3221,1314.003576
2015-05-18 10:00:03,4.3324,1314.452677
2015-05-18 10:01:00,4.321,1314.513918
2015-05-18 10:02:02,4.3178,1314.527528
2015-05-18 10:03:00,4.3304,1314.56155
2015-05-18 10:04:00,4.3286,1314.41185
2015-05-18 10:05:01,4.3437,1314.343804
2015-05-18 10:06:00,4.335,1314.534332
2015-05-18 10:07:00,4.3288,1314.371023
2015-05-18 10:08:01,4.3262,1314.575159
2015-05-18 10:09:00,4.3223,1314.377827
2015-05-18 10:10:02,4.3245,1314.391436
2015-05-18 10:11:00,4.3276,1314.513918
2015-05-18 10:13:00,4.328,1314.534332
2015-05-18 10:14:01,4.3334,1314.432264
2015-05-18 10:15:02,4.3221,1314.445873
2015-05-18 10:16:01,4.3226,1314.507114
2015-05-18 10:17:02,4.3219,1314.527528
2015-05-18 10:18:01,4.3233,1314.541137
2015-05-18 10:19:01,4.3267,1314.405045
2015-05-18 10:20:01,4.3327,1314.547941
2015-05-18 10:21:01,4.3285,1314.473091
2015-05-18 10:23:00,4.3218,1314.425459
2015-05-18 10:25:00,4.3278,1314.500309
2015-05-18 10:27:01,4.3267,1314.507114
2015-05-18 10:28:01,4.3309,1314.418655
2015-05-18 10:29:01,4.3272,1314.459482
2015-05-18 10:30:01,4.3335,1314.534332
2015-05-18 10:31:01,4.3392,1314.398241
2015-05-18 10:32:01,4.3333,1314.439068
2015-05-18 10:33:01,4.3279,1314.479896
2015-05-18 10:34:01,4.3402,1314.500309
2015-05-18 10:35:01,4.3337,1314.527528
2015-05-18 10:37:01,4.3352,1314.473091
2015-05-18 10:38:01,4.339,1314.41185
2015-05-18 10:39:01,4.3472,1314.493505
2015-05-18 10:40:01,4.33,1314.418655
2015-05-18 10:41:01,4.3322,1314.479896
2015-05-18 10:43:00,4.3339,1314.466286
2015-05-18 10:44:01,4.3317,1314.391436
2015-05-18 10:45:01,4.3312,1314.4867
2015-05-18 10:46:01,4.3383,1314.520723
2015-05-18 10:47:01,4.3399,1314.507114
2015-05-18 10:48:01,4.3353,1314.445873
2015-05-18 10:50:00,4.329,1314.473091
2015-05-18 10:51:01,4.34,1314.547941
2015-05-18 10:53:00,4.3378,1314.41185
2015-05-18 10:54:01,4.344,1314.425459
2015-05-18 10:56:00,4.3484,1314.507114
2015-05-18 10:57:00,4.3429,1314.405045
2015-05-18 10:59:01,4.3363,1314.439068
2015-05-18 11:00:02,4.3324,1314.473091
2015-05-18 11:01:01,4.3339,1314.479896
2015-05-18 11:02:00,4.3445,1314.445873
2015-05-18 11:03:01,4.3414,1314.4867
2015-05-18 11:04:00,4.3375,1314.439068
2015-05-18 11:05:01,4.3401,1314.513918
2015-05-18 11:06:01,4.3388,1314.4867
2015-05-18 11:07:00,4.3411,1314.405045
2015-05-18 11:08:01,4.3392,1314.4867
2015-05-18 11:09:00,4.3374,1314.439068
2015-05-18 11:10:00,4.3384,1314.493505
2015-05-18 11:11:00,4.3383,1314.425459
2015-05-18 11:12:01,4.3331,1314.479896
2015-05-18 11:13:01,4.3414,1314.4867
2015-05-18 11:14:00,4.3324,1314.459482
2015-05-18 11:15:01,4.3316,1314.473091
2015-05-18 11:17:00,4.3306,1314.4867
2015-05-18 11:18:00,4.3331,1314.473091
2015-05-18 11:19:00,4.3296,1314.493505
2015-05-18 11:21:00,4.3345,1314.425459
2015-05-18 11:22:00,4.3389,1314.452677
2015-05-18 11:23:00,4.3361,1314.425459
2015-05-18 11:24:01,4.3355,1314.4867
2015-05-18 11:25:00,4.3288,1314.405045
2015-05-18 11:26:00,4.3335,1314.513918
2015-05-18 11:27:01,4.3331,1314.425459
2015-05-18 11:28:01,4.3289,1314.513918
2015-05-18 11:29:01,4.3271,1314.439068
2015-05-18 11:30:01,4.3356,1314.459482
2015-05-18 11:31:01,4.3339,1314.513918
2015-05-18 11:32:01,4.3333,1314.479896
2015-05-18 11:33:01,4.3331,1314.493505
2015-05-18 11:34:02,4.3307,1314.445873
2015-05-18 11:35:00,4.337,1314.459482
2015-05-18 11:36:01,4.3345,1314.425459
2015-05-18 11:37:00,4.3371,1314.459482
2015-05-18 11:38:01,4.3398,1314.513918
2015-05-18 11:39:01,4.3335,1314.466286
2015-05-18 11:41:00,4.3294,1314.500309
2015-05-18 11:42:00,4.3301,1314.493505
2015-05-18 11:43:01,4.3357,1314.527528
2015-05-18 11:44:01,4.329,1314.425459
2015-05-18 11:45:01,4.3392,1314.418655
2015-05-18 11:46:00,4.3385,1314.439068
2015-05-18 11:47:01,4.34,1314.452677
2015-05-18 11:48:01,4.3365,1314.466286
2015-05-18 11:49:01,4.3339,1314.445873
2015-05-18 11:51:00,4.3341,1314.466286
2015-05-18 11:53:00,4.3347,1314.479896
2015-05-18 11:54:00,4.3371,1314.507114
2015-05-18 11:55:01,4.3334,1314.513918
2015-05-18 11:56:01,4.3429,1314.500309
2015-05-18 11:58:00,4.3364,1314.500309
2015-05-18 12:00:02,4.3348,1314.466286
2015-05-18 12:01:01,4.3344,1314.439068
2015-05-18 12:03:00,4.3337,1314.425459
2015-05-18 12:04:00,4.3361,1314.473091
2015-05-18 12:05:00,4.3428,1314.534332
2015-05-18 12:07:00,4.3395,1314.452677
2015-05-18 12:08:01,4.3432,1314.425459
2015-05-18 12:09:01,4.3364,1314.466286
2015-05-18 12:10:01,4.3375,1314.445873
2015-05-18 12:11:01,4.3469,1314.41185
2015-05-18 12:12:00,4.3388,1314.425459
2015-05-18 12:13:00,4.3416,1314.439068
2015-05-18 12:14:01,4.3403,1314.466286
2015-05-18 12:16:00,4.3383,1314.507114
2015-05-18 12:18:00,4.3452,1314.500309
2015-05-18 12:19:01,4.3395,1314.439068
2015-05-18 12:20:00,4.3448,1314.445873
2015-05-18 12:21:00,4.3369,1314.452677
2015-05-18 12:23:00,4.3423,1314.466286
2015-05-18 12:24:00,4.3414,1314.466286
2015-05-18 12:25:02,4.3405,1314.459482
2015-05-18 12:26:00,4.3432,1314.452677
2015-05-18 12:27:01,4.3412,1314.439068
2015-05-18 12:28:00,4.3408,1314.473091
2015-05-18 12:29:00,4.3402,1314.541137
2015-05-18 12:30:01,4.3385,1314.527528
2015-05-18 12:31:01,4.3402,1314.493505
2015-05-18 12:32:02,4.3393,1314.513918
2015-05-18 12:33:01,4.3436,1314.527528
2015-05-18 12:35:00,4.3483,1314.554746
2015-05-18 12:36:01,4.3357,1313.955944
2015-05-18 12:38:00,4.3393,1311.499476
2015-05-18 12:40:00,4.3414,1307.423446
2015-05-18 12:41:01,4.3562,1307.539128
2015-05-18 12:42:00,4.3519,1310.853033
2015-05-18 12:43:00,4.3399,1312.356862
2015-05-18 12:44:01,4.3465,1312.404494
2015-05-18 12:45:01,4.3455,1312.445322
2015-05-18 12:46:01,4.3432,1312.486149
2015-05-18 12:47:02,4.3427,1312.506563
2015-05-18 12:49:00,4.3486,1312.47254
2015-05-18 12:50:00,4.3437,1312.418103
2015-05-18 12:51:01,4.3476,1312.520173
2015-05-18 12:52:00,4.3497,1312.465736
2015-05-18 12:53:01,4.3572,1312.445322
2015-05-18 12:55:00,4.3555,1312.540586
2015-05-18 12:56:00,4.3491,1312.445322
2015-05-18 12:57:00,4.3512,1311.608351
2015-05-18 12:59:00,4.3403,1312.853599
2015-05-18 13:00:02,4.3431,1312.942059
2015-05-18 13:01:01,4.3421,1312.901231
2015-05-18 13:02:03,4.3448,1312.962473
2015-05-18 13:03:00,4.3415,1312.942059
2015-05-18 13:04:01,4.3427,1312.955668
2015-05-18 13:05:01,4.3374,1313.030519
2015-05-18 13:06:01,4.3411,1313.125783
2015-05-18 13:07:01,4.3365,1313.023714
2015-05-18 13:08:01,4.3372,1313.023714
2015-05-18 13:09:00,4.3404,1312.914841
2015-05-18 13:11:00,4.3419,1313.030519
2015-05-18 13:12:01,4.3408,1312.833185
2015-05-18 13:13:01,4.3365,1312.921645
2015-05-18 13:14:01,4.3415,1312.880817
2015-05-18 13:15:01,4.3344,1312.874013
2015-05-18 13:16:01,4.3335,1312.982887
2015-05-18 13:17:02,4.3522,1312.996496
2015-05-18 13:19:00,4.3283,1312.996496
2015-05-18 13:20:01,4.3289,1313.098565
2015-05-18 13:21:01,4.328,1312.92845
2015-05-18 13:22:01,4.3278,1312.887622
2015-05-18 13:23:01,4.3264,1312.92845
2015-05-18 13:24:01,4.3279,1313.0033
2015-05-18 13:25:01,4.3229,1312.901231
2015-05-18 13:27:00,4.3601,1313.01691
2015-05-18 13:29:00,4.326,1313.18022
2015-05-18 13:30:01,4.3249,1316.017721
2015-05-18 13:31:01,4.3645,1316.807043
2015-05-18 13:33:00,4.3462,1312.935254
2015-05-18 13:35:00,4.3275,1316.65054
2015-05-18 13:37:00,4.3288,1319.317883
2015-05-18 13:38:01,4.3327,1320.30452
2015-05-18 13:39:01,4.3356,1320.529064
2015-05-18 13:40:00,4.3338,1321.10063
2015-05-18 13:41:01,4.3343,1321.753846
2015-05-18 13:42:01,4.3379,1323.005839
2015-05-18 13:43:01,4.338,1323.611419
2015-05-18 13:44:01,4.339,1323.482138
2015-05-18 13:45:01,4.3318,1322.890166
2015-05-18 13:46:01,4.337,1320.937326
2015-05-18 13:47:01,4.336,1317.950194
2015-05-18 13:48:01,4.3348,1316.133398
2015-05-18 13:49:01,4.3393,1313.568082
2015-05-18 13:50:01,4.338,1312.377275
2015-05-18 13:51:00,4.3359,1312.336448
2015-05-18 13:52:01,4.3441,1312.10509
2015-05-18 13:54:00,4.332,1311.288532
2015-05-18 13:55:01,4.3346,1311.41782
2015-05-18 13:57:00,4.3453,1310.655697
2015-05-18 13:58:01,4.3357,1310.233806
2015-05-18 14:00:02,4.3363,1310.165759
2015-05-18 14:01:00,4.3339,1310.478775
2015-05-18 14:02:01,4.3327,1309.67582
2015-05-18 14:03:01,4.3365,1309.376412
2015-05-18 14:04:02,4.3363,1309.437655
2015-05-18 14:05:01,4.331,1309.634992
2015-05-18 14:06:00,4.337,1309.505702
2015-05-18 14:07:00,4.3339,1309.988837
2015-05-18 14:08:01,4.334,1310.846228
2015-05-18 14:09:01,4.3377,1310.546822
2015-05-18 14:10:01,4.3353,1310.165759
2015-05-18 14:11:01,4.3416,1310.750963
2015-05-18 14:12:01,4.3382,1311.567523
2015-05-18 14:13:01,4.343,1311.962193
2015-05-18 14:14:01,4.338,1311.608351
2015-05-18 14:15:01,4.3458,1311.662788
2015-05-18 14:16:02,4.3519,1311.247704
2015-05-18 14:18:02,4.3433,1311.077587
2015-05-18 14:19:01,4.3536,1310.90747
2015-05-18 14:20:01,4.3651,1308.920495
2015-05-18 14:21:00,4.3445,1309.008957
2015-05-18 14:22:01,4.3492,1308.192386
2015-05-18 14:23:01,4.3439,1308.301263
2015-05-18 14:24:01,4.3495,1308.38292
2015-05-18 14:25:01,4.3458,1309.31517
2015-05-18 14:27:00,4.3465,1310.104517
2015-05-18 14:29:00,4.3459,1308.968128
2015-05-18 14:30:01,4.3487,1310.744158
2015-05-18 14:31:02,4.3462,1312.179941
2015-05-18 14:32:02,4.3519,1309.464874
2015-05-18 14:34:00,4.349,1309.886766
2015-05-18 14:35:00,4.3557,1309.492092
2015-05-18 14:36:02,4.35,1308.845643
2015-05-18 14:37:01,4.3446,1308.450967
2015-05-18 14:38:01,4.3462,1308.192386
2015-05-18 14:39:02,4.3656,1308.471381
2015-05-18 14:40:00,4.3452,1308.838838
2015-05-18 14:41:01,4.3543,1309.913985
2015-05-18 14:42:02,4.3671,1309.839133
2015-05-18 14:43:01,4.3538,1310.02286
2015-05-18 14:44:01,4.3777,1310.002446
2015-05-18 14:45:00,4.3527,1309.995641
2015-05-18 14:46:01,4.3586,1310.016056
2015-05-18 14:47:02,4.3671,1309.982032
2015-05-18 14:49:00,4.3639,1307.437056
2015-05-18 14:50:00,4.351,1309.008957
2015-05-18 14:51:01,4.3687,1308.79801
2015-05-18 14:52:01,4.3607,1308.049486
2015-05-18 14:53:00,4.3578,1308.056291
2015-05-18 14:54:00,4.3523,1308.702743
2015-05-18 14:55:01,4.3598,1308.900081
2015-05-18 14:56:01,4.3678,1308.906885
2015-05-18 14:57:01,4.3714,1308.770791
2015-05-18 14:58:01,4.3528,1310.635283
2015-05-18 15:00:02,4.352,1310.655697
2015-05-18 15:01:01,4.3485,1310.635283
2015-05-18 15:02:03,4.3523,1310.614869
2015-05-18 15:03:02,4.3544,1310.655697
2015-05-18 15:04:00,4.3475,1310.655697
2015-05-18 15:05:00,4.3603,1310.655697
2015-05-18 15:07:00,4.3494,1310.655697
2015-05-18 15:08:01,4.3465,1310.648892
2015-05-18 15:09:01,4.3496,1310.642088
2015-05-18 15:11:00,4.3461,1310.628478
2015-05-18 15:12:00,4.3448,1310.662502
2015-05-18 15:13:01,4.3429,1310.635283
2015-05-18 15:14:01,4.3674,1310.655697
2015-05-18 15:15:00,4.3489,1310.621674
2015-05-18 15:16:02,4.3441,1310.642088
2015-05-18 15:17:01,4.3583,1310.642088
2015-05-18 15:18:01,4.3477,1310.655697
2015-05-18 15:19:01,4.3448,1310.662502
2015-05-18 15:20:01,4.3567,1309.471678
2015-05-18 15:21:00,4.3537,1309.179075
2015-05-18 15:23:00,4.358,1309.18588
2015-05-18 15:24:01,4.3577,1309.124637
2015-05-18 15:25:01,4.348,1307.586761
2015-05-18 15:26:01,4.3486,1308.22641
2015-05-18 15:27:00,4.3424,1308.001853
2015-05-18 15:28:01,4.3508,1311.989411
2015-05-18 15:29:01,4.3559,1313.717783
2015-05-18 15:30:01,4.3442,1313.745002
2015-05-18 15:31:01,4.3457,1313.459209
2015-05-18 15:32:01,4.3458,1313.370749
2015-05-18 15:33:00,4.341,1310.397119
2015-05-18 15:35:01,4.339,1311.159243
2015-05-18 15:36:00,4.3419,1312.186746
2015-05-18 15:37:00,4.3379,1310.662502
2015-05-18 15:38:01,4.3359,1311.057173
2015-05-18 15:39:01,4.3367,1312.697093
2015-05-18 15:40:00,4.3556,1305.409219
2015-05-18 15:41:01,4.3607,1295.256129
2015-05-18 15:42:01,4.36,1275.84004
2015-05-18 15:43:00,4.3582,1256.183929
2015-05-18 15:44:01,4.3624,1235.852075
2015-05-18 15:45:01,4.3641,1217.199762
2015-05-18 15:46:01,4.3658,1198.178141
2015-05-18 15:47:02,4.3786,1179.311399
2015-05-18 15:49:00,4.4155,1143.826974
2015-05-18 15:50:00,4.4695,1124.853176
2015-05-18 15:51:00,4.4937,1107.995972
2015-05-18 15:52:01,4.4998,1091.791343
2015-05-18 15:53:01,4.5599,1077.58146
2015-05-18 15:54:02,4.574,1060.263988
2015-05-18 15:55:00,4.6152,1042.372756
2015-05-18 15:56:01,4.6889,1023.53966
2015-05-18 15:57:01,4.799,1004.773012
2015-05-18 15:58:00,4.8902,986.188689
2015-05-18 16:00:03,4.9779,947.147362
2015-05-18 16:01:01,5.1183,928.701066
2015-05-18 16:03:00,5.1898,889.021681
2015-05-18 16:04:00,5.3468,868.456334
2015-05-18 16:05:01,5.4164,848.120827
2015-05-18 16:06:01,5.5242,826.65114
2015-05-18 16:07:01,5.6334,803.978711
2015-05-18 16:08:01,5.7111,781.494824
2015-05-18 16:10:00,5.8159,737.11339
2015-05-18 16:11:00,5.9084,710.479977
2015-05-18 16:12:01,6.0809,660.240454
2015-05-18 16:13:02,6.5934,616.618229
2015-05-18 16:15:00,6.6373,662.308698
2015-05-18 16:16:00,6.3923,694.599296
2015-05-18 16:17:01,6.1125,711.735638
2015-05-18 16:19:00,6.081,707.989104
2015-05-18 16:20:00,6.103,710.35714
2015-05-18 16:21:01,6.1464,700.898482
2015-05-18 16:22:00,6.2842,673.755338
2015-05-18 16:23:01,6.4257,650.281196
2015-05-18 16:24:01,6.5308,629.95163
2015-05-18 16:25:01,6.6722,609.155793
2015-05-18 16:26:01,6.8301,587.620411
2015-05-18 16:27:02,6.9883,565.891578
2015-05-18 16:28:00,7.1264,547.028937
2015-05-18 16:29:01,7.2726,526.661911
2015-05-18 16:30:01,7.5678,506.005977
2015-05-18 16:31:03,7.9689,483.455593
2015-05-18 16:32:04,8.1849,460.868585
2015-05-18 16:33:01,8.5964,440.206073
2015-05-18 16:34:01,8.7931,418.448073
2015-05-18 16:35:00,9.4665,397.070517
2015-05-18 16:36:01,9.8936,374.918353
2015-05-18 16:37:01,10.3658,353.454252
2015-05-18 16:39:00,10.8249,310.943267
2015-05-18 16:40:01,11.7473,289.944335
2015-05-18 16:41:01,12.4517,268.922744
2015-05-18 16:43:00,13.707,227.714468
2015-05-18 16:44:01,14.4141,205.557759
2015-05-18 16:45:01,15.6863,182.885533
2015-05-18 16:46:00,16.5225,161.31244
2015-05-18 16:47:02,17.7384,138.922743
2015-05-18 16:49:00,18.6654,97.106592
2015-05-18 16:50:01,19.4689,77.242645
2015-05-18 16:51:00,20.4635,62.134626
2015-05-18 16:52:01,21.1843,64.674384
2015-05-18 16:53:01,21.2437,54.118093
2015-05-18 16:54:01,23.4807,33.565309
2015-05-18 16:55:01,26.2167,16.427284
2015-05-18 16:57:01,26.7478,3.054109
2015-05-18 16:58:01,26.7908,3.177368
2015-05-18 17:00:03,26.7357,3.252693
2015-05-18 17:01:02,26.7474,3.23215
2015-05-18 17:02:05,26.8199,3.218455
2015-05-18 17:03:01,26.8295,3.369104
2015-05-18 17:04:01,26.8178,3.649861
2015-05-18 17:05:01,26.8178,3.485516
2015-05-18 17:05:22,26.8178,3.252693
2015-05-18 17:05:22,26.8178,3.252693
